{
  "median": {
    "mean": 0.11282266085641943,
    "std": 0.2586453847026375,
    "median": 0.0,
    "q05": 0.0,
    "q95": 0.8208587021410014,
    "cv": 2.292494969067431,
    "pct_nonzero": 30.592184128506357,
    "marginal_drop": 0.026474999999999995
  },
  "median_hr": {
    "mean": 0.018193452338871995,
    "std": 0.09417622923747156,
    "median": 0.0,
    "q05": 0.0,
    "q95": 0.03931099332511381,
    "cv": 5.176380068332346,
    "pct_nonzero": 12.011508031647088,
    "marginal_drop": 0.0037249999999999996
  },
  "rmssd": {
    "mean": 0.003119428648800739,
    "std": 0.02090445121815887,
    "median": 0.0,
    "q05": 0.0,
    "q95": 0.014952122355768739,
    "cv": 6.701369664225498,
    "pct_nonzero": 9.853752097818269,
    "marginal_drop": 0.0
  },
  "mean_tonic_eda": {
    "mean": 0.6677546655990765,
    "std": 0.3949660541672764,
    "median": 0.9231293348940408,
    "q05": 0.0,
    "q95": 0.9860555949338908,
    "cv": 0.5914837797822777,
    "pct_nonzero": 90.67369935267322,
    "marginal_drop": 0.25607499999999994
  },
  "mean_phasic_eda": {
    "mean": 0.041432256573290936,
    "std": 0.14318090074572387,
    "median": 0.0,
    "q05": 0.0,
    "q95": 0.5390329709853183,
    "cv": 3.4557832262083785,
    "pct_nonzero": 19.01222728362503,
    "marginal_drop": 0.0025
  },
  "std_eda": {
    "mean": 0.09408614817087693,
    "std": 0.2332141683960936,
    "median": 0.0,
    "q05": 0.0,
    "q95": 0.7251046503910312,
    "cv": 2.4787300835592263,
    "pct_nonzero": 25.125869096140015,
    "marginal_drop": 0.0126
  },
  "mean_temperature": {
    "mean": 0.028126639141778167,
    "std": 0.050122965680235644,
    "median": 0.0,
    "q05": 0.0,
    "q95": 0.10004159303829718,
    "cv": 1.7820459687890353,
    "pct_nonzero": 41.83649005034764,
    "marginal_drop": 0.030574999999999988
  },
  "min_temperature": {
    "mean": 0.034464748670885344,
    "std": 0.057486826640964446,
    "median": 0.0,
    "q05": 0.0,
    "q95": 0.18016017359773195,
    "cv": 1.6679890958130874,
    "pct_nonzero": 44.49772236873651,
    "marginal_drop": 0.03682499999999998
  }
}