{
  "median": {
    "mean": 0.11282265598590938,
    "std": 0.2586453801929962,
    "median": 0.0,
    "q05": 0.0,
    "q95": 0.8208587021410014,
    "cv": 2.292495028062483,
    "pct_nonzero": 30.592184128506357,
    "marginal_drop": 0.026474999999999995
  },
  "median_hr": {
    "mean": 0.018193452338871995,
    "std": 0.09417622923747156,
    "median": 0.0,
    "q05": 0.0,
    "q95": 0.0393109933251138,
    "cv": 5.176380068332346,
    "pct_nonzero": 12.011508031647088,
    "marginal_drop": 0.0037249999999999996
  },
  "rmssd": {
    "mean": 0.0031194305091709067,
    "std": 0.02090447295745434,
    "median": 0.0,
    "q05": 0.0,
    "q95": 0.014952122355768744,
    "cv": 6.701372636647632,
    "pct_nonzero": 9.853752097818269,
    "marginal_drop": 0.0
  },
  "mean_tonic_eda": {
    "mean": 0.6677546682381804,
    "std": 0.3949660520504772,
    "median": 0.9231293348940408,
    "q05": 0.0,
    "q95": 0.9860555949338907,
    "cv": 0.5914837742745866,
    "pct_nonzero": 90.67369935267322,
    "marginal_drop": 0.25607499999999994
  },
  "mean_phasic_eda": {
    "mean": 0.041432256573290936,
    "std": 0.14318090074572387,
    "median": 0.0,
    "q05": 0.0,
    "q95": 0.5390329709853183,
    "cv": 3.4557832262083785,
    "pct_nonzero": 19.01222728362503,
    "marginal_drop": 0.0025
  },
  "std_eda": {
    "mean": 0.09408614854191283,
    "std": 0.2332141683249064,
    "median": 0.0,
    "q05": 0.0,
    "q95": 0.7251046503910312,
    "cv": 2.478730073027548,
    "pct_nonzero": 25.125869096140015,
    "marginal_drop": 0.0126
  },
  "mean_temperature": {
    "mean": 0.028126639141778167,
    "std": 0.050122965680235644,
    "median": 0.0,
    "q05": 0.0,
    "q95": 0.10004159303829718,
    "cv": 1.7820459687890353,
    "pct_nonzero": 41.83649005034764,
    "marginal_drop": 0.030574999999999988
  },
  "min_temperature": {
    "mean": 0.034464748670885344,
    "std": 0.05748682664096444,
    "median": 0.0,
    "q05": 0.0,
    "q95": 0.18016017359773193,
    "cv": 1.6679890958130872,
    "pct_nonzero": 44.49772236873651,
    "marginal_drop": 0.03682499999999998
  }
}